Name,Größe,Vorname,Nachname,Downloads,Datum,Pfad
01-BWL-Übung-AITS.pdf,X,Holger,Hünemohr,460,21.10.2019 09:49,?bungen - Folien/Aufgabenbl?tter/01-BWL-Übung-AITS.pdf
01-Uebungsblatt-AITS.pdf,X,Holger,Hünemohr,486,21.10.2019 09:49,?bungen - Folien/Aufgabenbl?tter/01-Uebungsblatt-AITS.pdf
02-BWL-Übung-AITS.pdf,X,Holger,Hünemohr,188,26.10.2019 19:57,?bungen - Folien/Aufgabenbl?tter/02-BWL-Übung-AITS.pdf
03-BWL-Übung-AITS.pdf,X,Holger,Hünemohr,266,02.11.2019 19:05,?bungen - Folien/Aufgabenbl?tter/03-BWL-Übung-AITS.pdf
,,,,,,
04-Übungsblatt-AITS.pdf,X6,Holger,Hünemohr,292,07.11.2019 20:31,?bungen - Folien/Aufgabenbl?tter/04-Übungsblatt-AITS.pdf
05-Übungsblatt-AITS.pdf,X,Holger,Hünemohr,284,15.11.2019 09:47,?bungen - Folien/Aufgabenbl?tter/05-Übungsblatt-AITS.pdf
06-Übungsblatt-AITS.pdf,X,Holger,Hünemohr,211,26.11.2019 18:32,?bungen - Folien/Aufgabenbl?tter/06-Übungsblatt-AITS.pdf
07-Übungsblatt-AITS.pdf,X,Holger,Hünemohr,220,04.12.2019 10:14,?bungen - Folien/Aufgabenbl?tter/07-Übungsblatt-AITS.pdf
08-Übungsblatt-AITS.pdf,X,Holger,Hünemohr,160,08.01.2020 17:24,?bungen - Folien/Aufgabenbl?tter/08-Übungsblatt-AITS.pdf
09-Übungsblatt-AITS.pdf,X2,Holger,Hünemohr,150,16.01.2020 14:51,?bungen - Folien/Aufgabenbl?tter/09-Übungsblatt-AITS.pdf
10-Übungsblatt-AITS.pdf,X,Holger,Hünemohr,154,23.01.2020 22:26,?bungen - Folien/Aufgabenbl?tter/10-Übungsblatt-AITS.pdf
11-Übungsblatt-AITS.pdf,X,Holger,Hünemohr,133,29.01.2020 22:15,?bungen - Folien/Aufgabenbl?tter/11-Übungsblatt-AITS.pdf
12-Übungsblatt-AITS.pdf,X3,,,,,
